Location_Network,Location,Physical Switch,vCenter,Data_Center,vsphere_cluster,Data_store,Datastore_cluster,Zone,vDS,VLANID,vPG_Name,Subnet Description,Service,IP_Scope,IP_Subnet,IP_Range,IP_Gateway,Content_Library
as-dev-green-v71-vm,Ashburn,sw583a-d /sw583b-d,efvvctr-as-1d.cable.comcast.com,Ashburn ECP - Dev,Ashburn ECP - Dev,Dev - vSAN - Datastore,FALSE,Green,ECP Dev - vDS,71,VLAN 71 - ASD_Green,ECP_Lap_VM,Production,10.144.35.0/25,255.255.255.128,10.144.35.3 - 10.144.35.126,10.144.35.1,EFV - Templates - ASD
as-dev-green-v60-dhcp,Ashburn,sw583a-d /sw583b-d,efvvctr-as-1d.cable.comcast.com,Ashburn ECP - Dev,Ashburn ECP - Dev,Dev - vSAN - Datastore,FALSE,Green,ECP Dev - vDS,60,VLAN 60 - ASD_Green-DHCP,ECP_Lap_VM,Production,10.27.94.80/28,255.255.255.240,10.27.94.84 - 10.27.94.94,10.27.94.81,EFV - Templates - ASD
as-Dev-green-v65-k8-Ing,Ashburn,sw583a-d /sw583b-d,efvvctr-as-1d.cable.comcast.com,Ashburn ECP - Dev,Ashburn ECP - Dev,Dev - vSAN - Datastore,FALSE,Green,ECP Dev - vDS,65,VLAN 65 - ASD_Green,ECP_Lab_K8s_Ingress,Production,10.131.6.128/25,255.255.255.128,10.131.6.130 - 10.131.6.254,10.131.6.129,EFV - Templates - ASD
as-Dev-green-v65-k8-eng,Ashburn,sw583a-d /sw583b-d,efvvctr-as-1d.cable.comcast.com,Ashburn ECP - Dev,Ashburn ECP - Dev,Dev - vSAN - Datastore,FALSE,Green,ECP Dev - vDS,65,VLAN 65 - ASD_Green,ECP Lab K8s Egress,Production,10.54.194.0/25,255.255.255.129,10.54.194.3 - 10.54.194.126,10.54.194.1,EFV - Templates - ASD
as-dev-blue-v70-vm,Ashburn,sw583a-d /sw583b-d,efvvctr-as-1d.cable.comcast.com,Ashburn ECP - Dev,Ashburn ECP - Dev,Dev - vSAN - Datastore,FALSE,Blue,ECP Dev - vDS,70,VLAN 70 - ASD_Blue,ECP_Lap_VM,Production,96.97.66.128/25,255.255.255.128,96.97.66.132 - 96.97.66.254,96.97.66.129,EFV - Templates - ASD
as-1p-manage-green-v71-prod,Ashburn,"sw2070a-d, sw2070b-d, sw2070c-d(mgmt)",efvvctr-as-01p.cable.comcast.com,Ashburn ECP - Region 1,AS1 - Management,AS1-Management-vSAN-Datastore,FALSE,Green,AS1 Management - vDS,71,VLAN 71 - AS1_Workload_Green,Green Prod,Production,10.131.163.0/24,255.255.255.0,10.131.163.4 - 10.131.163.254,10.131.163.1,EFV - Templates - AS1
as-1p-work-green-v71-prod,Ashburn,"sw2070a-d, sw2070b-d, sw2070c-d(mgmt)",efvvctr-as-01p.cable.comcast.com,Ashburn ECP - Region 1,AS1 - Workload,AS1-Workload-vSAN-Datastore,FALSE,Green,AS1 Workload - vDS,71,VLAN 71 - AS1_Workload_Green,Green Prod,Production,10.131.163.0/24,255.255.255.0,10.131.163.4 - 10.131.163.254,10.131.163.1,EFV - Templates - AS1
as-1p-manage-green-v66-k8-ing,Ashburn,"sw2070a-d, sw2070b-d, sw2070c-d(mgmt)",efvvctr-as-01p.cable.comcast.com,Ashburn ECP - Region 1,AS1 - Management,AS1-Management-vSAN-Datastore,FALSE,Green,AS1 Management - vDS,66,N/A,K8s Ingress (DO NOT USE),Production,10.112.76.0/24,255.255.255.0,10.112.76.4 - 10.112.76.254,10.112.76.1,EFV - Templates - AS1
as-1p-work-green-v66-k8-ing,Ashburn,"sw2070a-d, sw2070b-d, sw2070c-d(mgmt)",efvvctr-as-01p.cable.comcast.com,Ashburn ECP - Region 1,AS1 - Workload,AS1-Workload-vSAN-Datastore,FALSE,Green,AS1 Workload - vDS,66,N/A,K8s Ingress (DO NOT USE),Production,10.112.76.0/24,255.255.255.0,10.112.76.4 - 10.112.76.254,10.112.76.1,EFV - Templates - AS1
as-1p-manage-green-v67-k8-egr,Ashburn,"sw2070a-d, sw2070b-d, sw2070c-d(mgmt)",efvvctr-as-01p.cable.comcast.com,Ashburn ECP - Region 1,AS1 - Management,AS1-Management-vSAN-Datastore,FALSE,Green,AS1 Management - vDS,67,N/A,K8s Egress (DO NOT USE),Production,10.112.77.0/24,255.255.255.0,10.112.77.4 - 10.112.77.254,10.112.77.1,EFV - Templates - AS1
as-1p-work-green-v67-k8-egr,Ashburn,"sw2070a-d, sw2070b-d, sw2070c-d(mgmt)",efvvctr-as-01p.cable.comcast.com,Ashburn ECP - Region 1,AS1 - Workload,AS1-Workload-vSAN-Datastore,FALSE,Green,AS1 Workload - vDS,67,N/A,K8s Egress (DO NOT USE),Production,10.112.77.0/24,255.255.255.0,10.112.77.4 - 10.112.77.254,10.112.77.1,EFV - Templates - AS1
as-1p-manage-blue-v70-vm1,Ashburn,"sw2070a-d, sw2070b-d, sw2070c-d(mgmt)",efvvctr-as-01p.cable.comcast.com,Ashburn ECP - Region 1,AS1 - Management,AS1-Management-vSAN-Datastore,FALSE,Blue,AS1 Management - vDS,70,VLAN 70 - AS1_Management_Blue,Blue Zone VM 1,Production,96.114.25.0/24,255.255.255.0,96.114.25.4 - 96.114.25.254,96.114.25.1,EFV - Templates - AS1
as-1p-work-blue-v70-vm1,Ashburn,"sw2070a-d, sw2070b-d, sw2070c-d(mgmt)",efvvctr-as-01p.cable.comcast.com,Ashburn ECP - Region 1,AS1 - Workload,AS1-Workload-vSAN-Datastore,FALSE,Blue,AS1 Workload - vDS,70,VLAN 70 - AS1_Workload_Blue,Blue Zone VM 1,Production,96.114.25.0/24,255.255.255.0,96.114.25.4 - 96.114.25.254,96.114.25.1,EFV - Templates - AS1
as-1p-manage-blue-v70-vm2,Ashburn,"sw2070a-d, sw2070b-d, sw2070c-d(mgmt)",efvvctr-as-01p.cable.comcast.com,Ashburn ECP - Region 1,AS1 - Management,AS1-Management-vSAN-Datastore,FALSE,Blue,AS1 Management - vDS,70,VLAN 70 - AS1_Management_Blue,Blue Zone VM 2,Production,96.115.134.0/24,255.255.255.0,96.115.134.4 - 96.115.134.255,96.115.134.1,EFV - Templates - AS1
as-1p-work-blue-v70-vm2,Ashburn,"sw2070a-d, sw2070b-d, sw2070c-d(mgmt)",efvvctr-as-01p.cable.comcast.com,Ashburn ECP - Region 1,AS1 - Workload,AS1-Workload-vSAN-Datastore,FALSE,Blue,AS1 Workload - vDS,70,VLAN 70 - AS1_Workload_Blue,Blue Zone VM 2,Production,96.115.134.0/24,255.255.255.0,96.115.134.4 - 96.115.134.255,96.115.134.1,EFV - Templates - AS1
ho-3p-manage-green-v202-ecp-vm,Hillsboro,sw9086a/b,efvvctr-ho-03p.cable.comcast.com,Hillsboro ECP - Region 2,HO1 - Management,HO1-Management-vSAN-Datastore,FALSE,Green,HO1 Management - vDS,202,VLAN 202 - HO1_Green-mgmt-pg,Green ECP VM Network,Production,10.112.252.0/24,255.255.255.0,10.112.252.4 - 10.112.252.254,10.112.252.1,EFV - Templates - HO3
ho-3p-work-green-v202-ecp-vm,Hillsboro,sw9086a/b,efvvctr-ho-03p.cable.comcast.com,Hillsboro ECP - Region 2,HO1 - Workload,HO1-Workload-vSAN-Datastore,FALSE,Green,HO1 Workload - vDS,202,VLAN 202 - HO1_Green-wrk-pg,Green ECP VM Network,Production,10.112.252.0/24,255.255.255.0,10.112.252.4 - 10.112.252.254,10.112.252.1,EFV - Templates - HO3
ho-3p-manage-green-v205-k8-ing,Hillsboro,sw9086a/b,efvvctr-ho-03p.cable.comcast.com,Hillsboro ECP - Region 2,HO1 - Management,HO1-Management-vSAN-Datastore,FALSE,Green,HO1 Management - vDS,205,N/A,K8s Ingress (DO NOT USE),Production,10.112.226.0/24,255.255.255.0,10.112.226.1 - 10.112.226.254,10.112.226.1,EFV - Templates - HO3
ho-3p-work-green-v205-k8-ing,Hillsboro,sw9086a/b,efvvctr-ho-03p.cable.comcast.com,Hillsboro ECP - Region 2,HO1 - Workload,HO1-Workload-vSAN-Datastore,FALSE,Green,HO1 Workload - vDS,205,N/A,K8s Ingress (DO NOT USE),Production,10.112.226.0/24,255.255.255.0,10.112.226.1 - 10.112.226.254,10.112.226.1,EFV - Templates - HO3
ho-3p-manage-green-v206-k8-egr,Hillsboro,sw9086a/b,efvvctr-ho-03p.cable.comcast.com,Hillsboro ECP - Region 2,HO1 - Management,HO1-Management-vSAN-Datastore,FALSE,Green,HO1 Management - vDS,206,N/A,K8s Egress (DO NOT USE),Production,10.112.227.0/24,255.255.255.0,10.112.227.1 - 10.112.227.254,10.112.227.1,EFV - Templates - HO3
ho-3p-work-green-v206-k8-egr,Hillsboro,sw9086a/b,efvvctr-ho-03p.cable.comcast.com,Hillsboro ECP - Region 2,HO1 - Workload,HO1-Workload-vSAN-Datastore,FALSE,Green,HO1 Workload - vDS,206,N/A,K8s Egress (DO NOT USE),Production,10.112.227.0/24,255.255.255.0,10.112.227.1 - 10.112.227.254,10.112.227.1,EFV - Templates - HO3
ho-3p-manage-blue-v102-k8-ing,Hillsboro,sw9086a/b,efvvctr-ho-03p.cable.comcast.com,Hillsboro ECP - Region 2,HO1 - Management,HO1-Management-vSAN-Datastore,FALSE,Blue,HO1 Management - vDS,102,N/A,K8s Ingress (DO NOT USE),Production,96.97.86.0/24,255.255.255.0,96.97.86.1 - 96.97.86.254,96.97.86.1,EFV - Templates - HO3
ho-3p-work-blue-v102-k8-ing,Hillsboro,sw9086a/b,efvvctr-ho-03p.cable.comcast.com,Hillsboro ECP - Region 2,HO1 - Workload,HO1-Workload-vSAN-Datastore,FALSE,Blue,HO1 Workload - vDS,102,N/A,K8s Ingress (DO NOT USE),Production,96.97.86.0/24,255.255.255.0,96.97.86.1 - 96.97.86.254,96.97.86.1,EFV - Templates - HO3
ho-3p-manage-blue-v103-k8-egr,Hillsboro,sw9086a/b,efvvctr-ho-03p.cable.comcast.com,Hillsboro ECP - Region 2,HO1 - Management,HO1-Management-vSAN-Datastore,FALSE,Blue,HO1 Management - vDS,103,N/A,K8s Egress (DO NOT USE),Production,96.97.87.0/24,255.255.255.0,96.97.87.1 - 96.97.87.254,96.97.87.1,EFV - Templates - HO3
ho-3p-work-blue-v103-k8-egr,Hillsboro,sw9086a/b,efvvctr-ho-03p.cable.comcast.com,Hillsboro ECP - Region 2,HO1 - Workload,HO1-Workload-vSAN-Datastore,FALSE,Blue,HO1 Workload - vDS,103,N/A,K8s Egress (DO NOT USE),Production,96.97.87.0/24,255.255.255.0,96.97.87.1 - 96.97.87.254,96.97.87.1,EFV - Templates - HO3
ho-3p-manage-blue-v104-ecp-vm,Hillsboro,sw9086a/b,efvvctr-ho-03p.cable.comcast.com,Hillsboro ECP - Region 2,HO1 - Management,HO1-Management-vSAN-Datastore,FALSE,Blue,HO1 Management - vDS,104,VLAN 104 - HO1_Blue-mgmt-pg,Blue ECP VM Network,Production,96.97.82.128/25,255.255.255.128,96.97.82.132 - 96.97.82.254,96.97.82.129,EFV - Templates - HO3
ho-3p-work-blue-v104-ecp-vm,Hillsboro,sw9086a/b,efvvctr-ho-03p.cable.comcast.com,Hillsboro ECP - Region 2,HO1 - Workload,HO1-Workload-vSAN-Datastore,FALSE,Blue,HO1 Workload - vDS,104,VLAN 104 - HO1_Blue-wrk-pg,Blue ECP VM Network,Production,96.97.82.128/25,255.255.255.128,96.97.82.132 - 96.97.82.254,96.97.82.129,EFV - Templates - HO3
as-3p-abg1-green-v51-vm1-1,Ashburn,sw2065a-d/ sw2065b-d,efvvctr-as-03p.cable.comcast.com,Ashburn Blue Green,AshburnBlueGreenCluster1,PURE1-ABG1-Cluster,TRUE,Green,ASBG1_Effectv_Prod,51,VLAN-0051-ASBG1-Green-Prod-1,Spotlight Green Enterprise,Production,10.146.156.128/25,255.255.255.128,10.146.156.132 - 10.146.156.254,10.146.156.129,EFV - Templates - AS3
as-3p-abg1-green-v51-vm2-1,Ashburn,sw2065a-d/ sw2065b-d,efvvctr-as-03p.cable.comcast.com,Ashburn Blue Green,AshburnBlueGreenCluster1,PURE1-ABG1-Cluster,TRUE,Green,ASBG1_Effectv_Prod,51,VLAN-0051-ASBG1-Green-Prod-1,Spotlight Green Enterprise,Production,10.60.85.0/24,255.255.255.0,10.60.85.4 - 10.60.85.254,10.60.85.1,EFV - Templates - AS3
as-3p-abg1-green-v51-vm3-1,Ashburn,sw2065a-d/ sw2065b-d,efvvctr-as-03p.cable.comcast.com,Ashburn Blue Green,AshburnBlueGreenCluster1,PURE1-ABG1-Cluster,TRUE,Green,ASBG1_Effectv_Prod,51,VLAN-0051-ASBG1-Green-Prod-1,Spotlight Green Enterprise,Production,10.28.34.0/24,255.255.255.0,10.28.34.4 - 10.28.34.254,10.28.34.1,EFV - Templates - AS3
as-3p-abg1-green-v52-eqto1-1,Ashburn,sw2065a-d/ sw2065b-d,efvvctr-as-03p.cable.comcast.com,Ashburn Blue Green,AshburnBlueGreenCluster1,PURE1-ABG1-Cluster,TRUE,Green,ASBG1_Effectv_Prod,52,VLAN-0052-ASBG1-Green-EQTO,Spotlight UCS EQTO,Production,10.146.156.64/26,255.255.255.192,10.146.156.68 - 10.146.156.127,10.146.156.65,EFV - Templates - AS3
as-3p-abg1-green-v52-eqto2-1,Ashburn,sw2065a-d/ sw2065b-d,efvvctr-as-03p.cable.comcast.com,Ashburn Blue Green,AshburnBlueGreenCluster1,PURE1-ABG1-Cluster,TRUE,Green,ASBG1_Effectv_Prod,52,VLAN-0052-ASBG1-Green-EQTO,Spotlight UCS EQTO,Production,10.146.157.0/25,255.255.255.128,10.146.157.4 - 10.146.157.126,10.146.157.1,EFV - Templates - AS3
as-3p-abg1-green-v52-eqto3-1,Ashburn,sw2065a-d/ sw2065b-d,efvvctr-as-03p.cable.comcast.com,Ashburn Blue Green,AshburnBlueGreenCluster1,PURE1-ABG1-Cluster,TRUE,Green,ASBG1_Effectv_Prod,52,VLAN-0052-ASBG1-Green-EQTO,Spotlight UCS EQTO,Production,10.144.245.0/25,255.255.255.128,10.144.245.4 - 10.144.245.126,10.144.245.1,EFV - Templates - AS3
as-3p-abg1-green-v53-xg1-1,Ashburn,sw2065a-d/ sw2065b-d,efvvctr-as-03p.cable.comcast.com,Ashburn Blue Green,AshburnBlueGreenCluster1,PURE1-ABG1-Cluster,TRUE,Green,ASBG1_Effectv_Prod,53,VLAN-0053-ASBG1-Green-xG,Spotlight Green Eclipse xG,Production,10.146.208.0/24,255.255.255.0,10.146.208.4 - 10.146.208.254,10.146.208.1,EFV - Templates - AS3
as-3p-abg1-green-v53-xg2-1,Ashburn,sw2065a-d/ sw2065b-d,efvvctr-as-03p.cable.comcast.com,Ashburn Blue Green,AshburnBlueGreenCluster1,PURE1-ABG1-Cluster,TRUE,Green,ASBG1_Effectv_Prod,53,VLAN-0053-ASBG1-Green-xG,Spotlight Green Eclipse xG,Production,10.60.81.0/24,255.255.255.0,10.60.81.4 - 10.60.81.254,10.60.81.1,EFV - Templates - AS3
as-3p-abg1-green-v54-xghb1-1,Ashburn,sw2065a-d/ sw2065b-d,efvvctr-as-03p.cable.comcast.com,Ashburn Blue Green,AshburnBlueGreenCluster1,PURE1-ABG1-Cluster,TRUE,Green,ASBG1_Effectv_Prod,54,VLAN-0054-ASBG1-Green-xG-HB,Spotlight Green Eclipse xG Heatbeat,Production,10.146.159.192/26,255.255.255.192,10.146.159.196 - 10.146.159.254,10.146.159.193,EFV - Templates - AS3
as-3p-abg1-green-v54-xghb2-1,Ashburn,sw2065a-d/ sw2065b-d,efvvctr-as-03p.cable.comcast.com,Ashburn Blue Green,AshburnBlueGreenCluster1,PURE1-ABG1-Cluster,TRUE,Green,ASBG1_Effectv_Prod,54,VLAN-0054-ASBG1-Green-xG-HB,Spotlight Green Eclipse xG Heatbeat,Production,10.144.46.240/28,255.255.255.240,10.144.46.244 - 10.144.46.254,10.144.46.241,EFV - Templates - AS3
as-3p-abg1-blue-v55-prod1-1,Ashburn,sw2065a-d/ sw2065b-d,efvvctr-as-03p.cable.comcast.com,Ashburn Blue Green,AshburnBlueGreenCluster1,PURE1-ABG1-Cluster,TRUE,Blue,ASBG1_Effectv_Prod,55,VLAN-0055-ASBG1-Blue-Prod-1,Spotlight Blue UCS Production,Production,96.115.130.160/28,255.255.255.240,96.115.130.164 - 96.115.130.174,96.115.130.161,EFV - Templates - AS3
as-3p-abg1-blue-v55-prod2-1,Ashburn,sw2065a-d/ sw2065b-d,efvvctr-as-03p.cable.comcast.com,Ashburn Blue Green,AshburnBlueGreenCluster1,PURE1-ABG1-Cluster,TRUE,Blue,ASBG1_Effectv_Prod,55,VLAN-0055-ASBG1-Blue-Prod-1,Spotlight Blue UCS Production,Production,68.87.126.0/26,255.255.255.192,68.87.126.4 - 68.87.126.62,68.87.126.1,EFV - Templates - AS3
as-3p-abg1-green-v51-vm1-2,Ashburn,sw2065a-d/ sw2065b-d,efvvctr-as-03p.cable.comcast.com,Ashburn Blue Green,AshburnBlueGreenCluster1,PURE2-ABG1-Cluster,TRUE,Green,ASBG1_Effectv_Prod,51,VLAN-0051-ASBG1-Green-Prod-1,Spotlight Green Enterprise,Production,10.146.156.128/25,255.255.255.128,10.146.156.132 - 10.146.156.254,10.146.156.129,EFV - Templates - AS3
as-3p-abg1-green-v51-vm2-2,Ashburn,sw2065a-d/ sw2065b-d,efvvctr-as-03p.cable.comcast.com,Ashburn Blue Green,AshburnBlueGreenCluster1,PURE2-ABG1-Cluster,TRUE,Green,ASBG1_Effectv_Prod,51,VLAN-0051-ASBG1-Green-Prod-1,Spotlight Green Enterprise,Production,10.60.85.0/24,255.255.255.0,10.60.85.4 - 10.60.85.254,10.60.85.1,EFV - Templates - AS3
as-3p-abg1-green-v51-vm3-2,Ashburn,sw2065a-d/ sw2065b-d,efvvctr-as-03p.cable.comcast.com,Ashburn Blue Green,AshburnBlueGreenCluster1,PURE2-ABG1-Cluster,TRUE,Green,ASBG1_Effectv_Prod,51,VLAN-0051-ASBG1-Green-Prod-1,Spotlight Green Enterprise,Production,10.28.34.0/24,255.255.255.0,10.28.34.4 - 10.28.34.254,10.28.34.1,EFV - Templates - AS3
as-3p-abg1-green-v52-eqto1-2,Ashburn,sw2065a-d/ sw2065b-d,efvvctr-as-03p.cable.comcast.com,Ashburn Blue Green,AshburnBlueGreenCluster1,PURE2-ABG1-Cluster,TRUE,Green,ASBG1_Effectv_Prod,52,VLAN-0052-ASBG1-Green-EQTO,Spotlight UCS EQTO,Production,10.146.156.64/26,255.255.255.192,10.146.156.68 - 10.146.156.127,10.146.156.65,EFV - Templates - AS3
as-3p-abg1-green-v52-eqto2-2,Ashburn,sw2065a-d/ sw2065b-d,efvvctr-as-03p.cable.comcast.com,Ashburn Blue Green,AshburnBlueGreenCluster1,PURE2-ABG1-Cluster,TRUE,Green,ASBG1_Effectv_Prod,52,VLAN-0052-ASBG1-Green-EQTO,Spotlight UCS EQTO,Production,10.146.157.0/25,255.255.255.128,10.146.157.4 - 10.146.157.126,10.146.157.1,EFV - Templates - AS3
as-3p-abg1-green-v52-eqto3-2,Ashburn,sw2065a-d/ sw2065b-d,efvvctr-as-03p.cable.comcast.com,Ashburn Blue Green,AshburnBlueGreenCluster1,PURE2-ABG1-Cluster,TRUE,Green,ASBG1_Effectv_Prod,52,VLAN-0052-ASBG1-Green-EQTO,Spotlight UCS EQTO,Production,10.144.245.0/25,255.255.255.128,10.144.245.4 - 10.144.245.126,10.144.245.1,EFV - Templates - AS3
as-3p-abg1-green-v53-xg1-2,Ashburn,sw2065a-d/ sw2065b-d,efvvctr-as-03p.cable.comcast.com,Ashburn Blue Green,AshburnBlueGreenCluster1,PURE2-ABG1-Cluster,TRUE,Green,ASBG1_Effectv_Prod,53,VLAN-0053-ASBG1-Green-xG,Spotlight Green Eclipse xG,Production,10.146.208.0/24,255.255.255.0,10.146.208.4 - 10.146.208.254,10.146.208.1,EFV - Templates - AS3
as-3p-abg1-green-v53-xg2-2,Ashburn,sw2065a-d/ sw2065b-d,efvvctr-as-03p.cable.comcast.com,Ashburn Blue Green,AshburnBlueGreenCluster1,PURE2-ABG1-Cluster,TRUE,Green,ASBG1_Effectv_Prod,53,VLAN-0053-ASBG1-Green-xG,Spotlight Green Eclipse xG,Production,10.60.81.0/24,255.255.255.0,10.60.81.4 - 10.60.81.254,10.60.81.1,EFV - Templates - AS3
as-3p-abg1-green-v54-xghb1-2,Ashburn,sw2065a-d/ sw2065b-d,efvvctr-as-03p.cable.comcast.com,Ashburn Blue Green,AshburnBlueGreenCluster1,PURE2-ABG1-Cluster,TRUE,Green,ASBG1_Effectv_Prod,54,VLAN-0054-ASBG1-Green-xG-HB,Spotlight Green Eclipse xG Heatbeat,Production,10.146.159.192/26,255.255.255.192,10.146.159.196 - 10.146.159.254,10.146.159.193,EFV - Templates - AS3
as-3p-abg1-green-v54-xghb2-2,Ashburn,sw2065a-d/ sw2065b-d,efvvctr-as-03p.cable.comcast.com,Ashburn Blue Green,AshburnBlueGreenCluster1,PURE2-ABG1-Cluster,TRUE,Green,ASBG1_Effectv_Prod,54,VLAN-0054-ASBG1-Green-xG-HB,Spotlight Green Eclipse xG Heatbeat,Production,10.144.46.240/28,255.255.255.240,10.144.46.244 - 10.144.46.254,10.144.46.241,EFV - Templates - AS3
as-3p-abg1-blue-v55-prod1-2,Ashburn,sw2065a-d/ sw2065b-d,efvvctr-as-03p.cable.comcast.com,Ashburn Blue Green,AshburnBlueGreenCluster1,PURE2-ABG1-Cluster,TRUE,Blue,ASBG1_Effectv_Prod,55,VLAN-0055-ASBG1-Blue-Prod-1,Spotlight Blue UCS Production,Production,96.115.130.160/28,255.255.255.240,96.115.130.164 - 96.115.130.174,96.115.130.161,EFV - Templates - AS3
as-3p-abg1-blue-v55-prod2-2,Ashburn,sw2065a-d/ sw2065b-d,efvvctr-as-03p.cable.comcast.com,Ashburn Blue Green,AshburnBlueGreenCluster1,PURE2-ABG1-Cluster,TRUE,Blue,ASBG1_Effectv_Prod,55,VLAN-0055-ASBG1-Blue-Prod-1,Spotlight Blue UCS Production,Production,68.87.126.0/26,255.255.255.192,68.87.126.4 - 68.87.126.62,68.87.126.1,EFV - Templates - AS3
as-3p-abg1-green-v51-vm1-3,Ashburn,sw2065a-d/ sw2065b-d,efvvctr-as-03p.cable.comcast.com,Ashburn Blue Green,AshburnBlueGreenCluster1,PURE3-ABG1-Cluster,TRUE,Green,ASBG1_Effectv_Prod,51,VLAN-0051-ASBG1-Green-Prod-1,Spotlight Green Enterprise,Production,10.146.156.128/25,255.255.255.128,10.146.156.132 - 10.146.156.254,10.146.156.129,EFV - Templates - AS3
as-3p-abg1-green-v51-vm2-3,Ashburn,sw2065a-d/ sw2065b-d,efvvctr-as-03p.cable.comcast.com,Ashburn Blue Green,AshburnBlueGreenCluster1,PURE3-ABG1-Cluster,TRUE,Green,ASBG1_Effectv_Prod,51,VLAN-0051-ASBG1-Green-Prod-1,Spotlight Green Enterprise,Production,10.60.85.0/24,255.255.255.0,10.60.85.4 - 10.60.85.254,10.60.85.1,EFV - Templates - AS3
as-3p-abg1-green-v51-vm3-3,Ashburn,sw2065a-d/ sw2065b-d,efvvctr-as-03p.cable.comcast.com,Ashburn Blue Green,AshburnBlueGreenCluster1,PURE3-ABG1-Cluster,TRUE,Green,ASBG1_Effectv_Prod,51,VLAN-0051-ASBG1-Green-Prod-1,Spotlight Green Enterprise,Production,10.28.34.0/24,255.255.255.0,10.28.34.4 - 10.28.34.254,10.28.34.1,EFV - Templates - AS3
as-3p-abg1-green-v52-eqto1-3,Ashburn,sw2065a-d/ sw2065b-d,efvvctr-as-03p.cable.comcast.com,Ashburn Blue Green,AshburnBlueGreenCluster1,PURE3-ABG1-Cluster,TRUE,Green,ASBG1_Effectv_Prod,52,VLAN-0052-ASBG1-Green-EQTO,Spotlight UCS EQTO,Production,10.146.156.64/26,255.255.255.192,10.146.156.68 - 10.146.156.127,10.146.156.65,EFV - Templates - AS3
as-3p-abg1-green-v52-eqto2-3,Ashburn,sw2065a-d/ sw2065b-d,efvvctr-as-03p.cable.comcast.com,Ashburn Blue Green,AshburnBlueGreenCluster1,PURE3-ABG1-Cluster,TRUE,Green,ASBG1_Effectv_Prod,52,VLAN-0052-ASBG1-Green-EQTO,Spotlight UCS EQTO,Production,10.146.157.0/25,255.255.255.128,10.146.157.4 - 10.146.157.126,10.146.157.1,EFV - Templates - AS3
as-3p-abg1-green-v52-eqto3-3,Ashburn,sw2065a-d/ sw2065b-d,efvvctr-as-03p.cable.comcast.com,Ashburn Blue Green,AshburnBlueGreenCluster1,PURE3-ABG1-Cluster,TRUE,Green,ASBG1_Effectv_Prod,52,VLAN-0052-ASBG1-Green-EQTO,Spotlight UCS EQTO,Production,10.144.245.0/25,255.255.255.128,10.144.245.4 - 10.144.245.126,10.144.245.1,EFV - Templates - AS3
as-3p-abg1-green-v53-xg1-3,Ashburn,sw2065a-d/ sw2065b-d,efvvctr-as-03p.cable.comcast.com,Ashburn Blue Green,AshburnBlueGreenCluster1,PURE3-ABG1-Cluster,TRUE,Green,ASBG1_Effectv_Prod,53,VLAN-0053-ASBG1-Green-xG,Spotlight Green Eclipse xG,Production,10.146.208.0/24,255.255.255.0,10.146.208.4 - 10.146.208.254,10.146.208.1,EFV - Templates - AS3
as-3p-abg1-green-v53-xg2-3,Ashburn,sw2065a-d/ sw2065b-d,efvvctr-as-03p.cable.comcast.com,Ashburn Blue Green,AshburnBlueGreenCluster1,PURE3-ABG1-Cluster,TRUE,Green,ASBG1_Effectv_Prod,53,VLAN-0053-ASBG1-Green-xG,Spotlight Green Eclipse xG,Production,10.60.81.0/24,255.255.255.0,10.60.81.4 - 10.60.81.254,10.60.81.1,EFV - Templates - AS3
as-3p-abg1-green-v54-xghb1-3,Ashburn,sw2065a-d/ sw2065b-d,efvvctr-as-03p.cable.comcast.com,Ashburn Blue Green,AshburnBlueGreenCluster1,PURE3-ABG1-Cluster,TRUE,Green,ASBG1_Effectv_Prod,54,VLAN-0054-ASBG1-Green-xG-HB,Spotlight Green Eclipse xG Heatbeat,Production,10.146.159.192/26,255.255.255.192,10.146.159.196 - 10.146.159.254,10.146.159.193,EFV - Templates - AS3
as-3p-abg1-green-v54-xghb2-3,Ashburn,sw2065a-d/ sw2065b-d,efvvctr-as-03p.cable.comcast.com,Ashburn Blue Green,AshburnBlueGreenCluster1,PURE3-ABG1-Cluster,TRUE,Green,ASBG1_Effectv_Prod,54,VLAN-0054-ASBG1-Green-xG-HB,Spotlight Green Eclipse xG Heatbeat,Production,10.144.46.240/28,255.255.255.240,10.144.46.244 - 10.144.46.254,10.144.46.241,EFV - Templates - AS3
as-3p-abg1-blue-v55-prod1-3,Ashburn,sw2065a-d/ sw2065b-d,efvvctr-as-03p.cable.comcast.com,Ashburn Blue Green,AshburnBlueGreenCluster1,PURE3-ABG1-Cluster,TRUE,Blue,ASBG1_Effectv_Prod,55,VLAN-0055-ASBG1-Blue-Prod-1,Spotlight Blue UCS Production,Production,96.115.130.160/28,255.255.255.240,96.115.130.164 - 96.115.130.174,96.115.130.161,EFV - Templates - AS3
as-3p-abg1-blue-v55-prod2-3,Ashburn,sw2065a-d/ sw2065b-d,efvvctr-as-03p.cable.comcast.com,Ashburn Blue Green,AshburnBlueGreenCluster1,PURE3-ABG1-Cluster,TRUE,Blue,ASBG1_Effectv_Prod,55,VLAN-0055-ASBG1-Blue-Prod-1,Spotlight Blue UCS Production,Production,68.87.126.0/26,255.255.255.192,68.87.126.4 - 68.87.126.62,68.87.126.1,EFV - Templates - AS3
as-3p-abg1-green-v51-vm1-4,Ashburn,sw2065a-d/ sw2065b-d,efvvctr-as-03p.cable.comcast.com,Ashburn Blue Green,AshburnBlueGreenCluster1,PURE4-ABG1-Cluster,TRUE,Green,ASBG1_Effectv_Prod,51,VLAN-0051-ASBG1-Green-Prod-1,Spotlight Green Enterprise,Production,10.146.156.128/25,255.255.255.128,10.146.156.132 - 10.146.156.254,10.146.156.129,EFV - Templates - AS3
as-3p-abg1-green-v51-vm2-4,Ashburn,sw2065a-d/ sw2065b-d,efvvctr-as-03p.cable.comcast.com,Ashburn Blue Green,AshburnBlueGreenCluster1,PURE4-ABG1-Cluster,TRUE,Green,ASBG1_Effectv_Prod,51,VLAN-0051-ASBG1-Green-Prod-1,Spotlight Green Enterprise,Production,10.60.85.0/24,255.255.255.0,10.60.85.4 - 10.60.85.254,10.60.85.1,EFV - Templates - AS3
as-3p-abg1-green-v51-vm3-4,Ashburn,sw2065a-d/ sw2065b-d,efvvctr-as-03p.cable.comcast.com,Ashburn Blue Green,AshburnBlueGreenCluster1,PURE4-ABG1-Cluster,TRUE,Green,ASBG1_Effectv_Prod,51,VLAN-0051-ASBG1-Green-Prod-1,Spotlight Green Enterprise,Production,10.28.34.0/24,255.255.255.0,10.28.34.4 - 10.28.34.254,10.28.34.1,EFV - Templates - AS3
as-3p-abg1-green-v52-eqto1-4,Ashburn,sw2065a-d/ sw2065b-d,efvvctr-as-03p.cable.comcast.com,Ashburn Blue Green,AshburnBlueGreenCluster1,PURE4-ABG1-Cluster,TRUE,Green,ASBG1_Effectv_Prod,52,VLAN-0052-ASBG1-Green-EQTO,Spotlight UCS EQTO,Production,10.146.156.64/26,255.255.255.192,10.146.156.68 - 10.146.156.127,10.146.156.65,EFV - Templates - AS3
as-3p-abg1-green-v52-eqto2-4,Ashburn,sw2065a-d/ sw2065b-d,efvvctr-as-03p.cable.comcast.com,Ashburn Blue Green,AshburnBlueGreenCluster1,PURE4-ABG1-Cluster,TRUE,Green,ASBG1_Effectv_Prod,52,VLAN-0052-ASBG1-Green-EQTO,Spotlight UCS EQTO,Production,10.146.157.0/25,255.255.255.128,10.146.157.4 - 10.146.157.126,10.146.157.1,EFV - Templates - AS3
as-3p-abg1-green-v52-eqto3-4,Ashburn,sw2065a-d/ sw2065b-d,efvvctr-as-03p.cable.comcast.com,Ashburn Blue Green,AshburnBlueGreenCluster1,PURE4-ABG1-Cluster,TRUE,Green,ASBG1_Effectv_Prod,52,VLAN-0052-ASBG1-Green-EQTO,Spotlight UCS EQTO,Production,10.144.245.0/25,255.255.255.128,10.144.245.4 - 10.144.245.126,10.144.245.1,EFV - Templates - AS3
as-3p-abg1-green-v53-xg1-4,Ashburn,sw2065a-d/ sw2065b-d,efvvctr-as-03p.cable.comcast.com,Ashburn Blue Green,AshburnBlueGreenCluster1,PURE4-ABG1-Cluster,TRUE,Green,ASBG1_Effectv_Prod,53,VLAN-0053-ASBG1-Green-xG,Spotlight Green Eclipse xG,Production,10.146.208.0/24,255.255.255.0,10.146.208.4 - 10.146.208.254,10.146.208.1,EFV - Templates - AS3
as-3p-abg1-green-v53-xg2-4,Ashburn,sw2065a-d/ sw2065b-d,efvvctr-as-03p.cable.comcast.com,Ashburn Blue Green,AshburnBlueGreenCluster1,PURE4-ABG1-Cluster,TRUE,Green,ASBG1_Effectv_Prod,53,VLAN-0053-ASBG1-Green-xG,Spotlight Green Eclipse xG,Production,10.60.81.0/24,255.255.255.0,10.60.81.4 - 10.60.81.254,10.60.81.1,EFV - Templates - AS3
as-3p-abg1-green-v54-xghb1-4,Ashburn,sw2065a-d/ sw2065b-d,efvvctr-as-03p.cable.comcast.com,Ashburn Blue Green,AshburnBlueGreenCluster1,PURE4-ABG1-Cluster,TRUE,Green,ASBG1_Effectv_Prod,54,VLAN-0054-ASBG1-Green-xG-HB,Spotlight Green Eclipse xG Heatbeat,Production,10.146.159.192/26,255.255.255.192,10.146.159.196 - 10.146.159.254,10.146.159.193,EFV - Templates - AS3
as-3p-abg1-green-v54-xghb2-4,Ashburn,sw2065a-d/ sw2065b-d,efvvctr-as-03p.cable.comcast.com,Ashburn Blue Green,AshburnBlueGreenCluster1,PURE4-ABG1-Cluster,TRUE,Green,ASBG1_Effectv_Prod,54,VLAN-0054-ASBG1-Green-xG-HB,Spotlight Green Eclipse xG Heatbeat,Production,10.144.46.240/28,255.255.255.240,10.144.46.244 - 10.144.46.254,10.144.46.241,EFV - Templates - AS3
as-3p-abg1-blue-v55-prod1-4,Ashburn,sw2065a-d/ sw2065b-d,efvvctr-as-03p.cable.comcast.com,Ashburn Blue Green,AshburnBlueGreenCluster1,PURE4-ABG1-Cluster,TRUE,Blue,ASBG1_Effectv_Prod,55,VLAN-0055-ASBG1-Blue-Prod-1,Spotlight Blue UCS Production,Production,96.115.130.160/28,255.255.255.240,96.115.130.164 - 96.115.130.174,96.115.130.161,EFV - Templates - AS3
as-3p-abg1-blue-v55-prod2-4,Ashburn,sw2065a-d/ sw2065b-d,efvvctr-as-03p.cable.comcast.com,Ashburn Blue Green,AshburnBlueGreenCluster1,PURE4-ABG1-Cluster,TRUE,Blue,ASBG1_Effectv_Prod,55,VLAN-0055-ASBG1-Blue-Prod-1,Spotlight Blue UCS Production,Production,68.87.126.0/26,255.255.255.192,68.87.126.4 - 68.87.126.62,68.87.126.1,EFV - Templates - AS3
as-3p-abg1-green-v51-vm1-5,Ashburn,sw2065a-d/ sw2065b-d,efvvctr-as-03p.cable.comcast.com,Ashburn Blue Green,AshburnBlueGreenCluster1,PURE5-ABG1-Cluster,TRUE,Green,ASBG1_Effectv_Prod,51,VLAN-0051-ASBG1-Green-Prod-1,Spotlight Green Enterprise,Production,10.146.156.128/25,255.255.255.128,10.146.156.132 - 10.146.156.254,10.146.156.129,EFV - Templates - AS3
as-3p-abg1-green-v51-vm2-5,Ashburn,sw2065a-d/ sw2065b-d,efvvctr-as-03p.cable.comcast.com,Ashburn Blue Green,AshburnBlueGreenCluster1,PURE5-ABG1-Cluster,TRUE,Green,ASBG1_Effectv_Prod,51,VLAN-0051-ASBG1-Green-Prod-1,Spotlight Green Enterprise,Production,10.60.85.0/24,255.255.255.0,10.60.85.4 - 10.60.85.254,10.60.85.1,EFV - Templates - AS3
as-3p-abg1-green-v51-vm3-5,Ashburn,sw2065a-d/ sw2065b-d,efvvctr-as-03p.cable.comcast.com,Ashburn Blue Green,AshburnBlueGreenCluster1,PURE5-ABG1-Cluster,TRUE,Green,ASBG1_Effectv_Prod,51,VLAN-0051-ASBG1-Green-Prod-1,Spotlight Green Enterprise,Production,10.28.34.0/24,255.255.255.0,10.28.34.4 - 10.28.34.254,10.28.34.1,EFV - Templates - AS3
as-3p-abg1-green-v52-eqto1-5,Ashburn,sw2065a-d/ sw2065b-d,efvvctr-as-03p.cable.comcast.com,Ashburn Blue Green,AshburnBlueGreenCluster1,PURE5-ABG1-Cluster,TRUE,Green,ASBG1_Effectv_Prod,52,VLAN-0052-ASBG1-Green-EQTO,Spotlight UCS EQTO,Production,10.146.156.64/26,255.255.255.192,10.146.156.68 - 10.146.156.127,10.146.156.65,EFV - Templates - AS3
as-3p-abg1-green-v52-eqto2-5,Ashburn,sw2065a-d/ sw2065b-d,efvvctr-as-03p.cable.comcast.com,Ashburn Blue Green,AshburnBlueGreenCluster1,PURE5-ABG1-Cluster,TRUE,Green,ASBG1_Effectv_Prod,52,VLAN-0052-ASBG1-Green-EQTO,Spotlight UCS EQTO,Production,10.146.157.0/25,255.255.255.128,10.146.157.4 - 10.146.157.126,10.146.157.1,EFV - Templates - AS3
as-3p-abg1-green-v52-eqto3-5,Ashburn,sw2065a-d/ sw2065b-d,efvvctr-as-03p.cable.comcast.com,Ashburn Blue Green,AshburnBlueGreenCluster1,PURE5-ABG1-Cluster,TRUE,Green,ASBG1_Effectv_Prod,52,VLAN-0052-ASBG1-Green-EQTO,Spotlight UCS EQTO,Production,10.144.245.0/25,255.255.255.128,10.144.245.4 - 10.144.245.126,10.144.245.1,EFV - Templates - AS3
as-3p-abg1-green-v53-xg1-5,Ashburn,sw2065a-d/ sw2065b-d,efvvctr-as-03p.cable.comcast.com,Ashburn Blue Green,AshburnBlueGreenCluster1,PURE5-ABG1-Cluster,TRUE,Green,ASBG1_Effectv_Prod,53,VLAN-0053-ASBG1-Green-xG,Spotlight Green Eclipse xG,Production,10.146.208.0/24,255.255.255.0,10.146.208.4 - 10.146.208.254,10.146.208.1,EFV - Templates - AS3
as-3p-abg1-green-v53-xg2-5,Ashburn,sw2065a-d/ sw2065b-d,efvvctr-as-03p.cable.comcast.com,Ashburn Blue Green,AshburnBlueGreenCluster1,PURE5-ABG1-Cluster,TRUE,Green,ASBG1_Effectv_Prod,53,VLAN-0053-ASBG1-Green-xG,Spotlight Green Eclipse xG,Production,10.60.81.0/24,255.255.255.0,10.60.81.4 - 10.60.81.254,10.60.81.1,EFV - Templates - AS3
as-3p-abg1-green-v54-xghb1-5,Ashburn,sw2065a-d/ sw2065b-d,efvvctr-as-03p.cable.comcast.com,Ashburn Blue Green,AshburnBlueGreenCluster1,PURE5-ABG1-Cluster,TRUE,Green,ASBG1_Effectv_Prod,54,VLAN-0054-ASBG1-Green-xG-HB,Spotlight Green Eclipse xG Heatbeat,Production,10.146.159.192/26,255.255.255.192,10.146.159.196 - 10.146.159.254,10.146.159.193,EFV - Templates - AS3
as-3p-abg1-green-v54-xghb2-5,Ashburn,sw2065a-d/ sw2065b-d,efvvctr-as-03p.cable.comcast.com,Ashburn Blue Green,AshburnBlueGreenCluster1,PURE5-ABG1-Cluster,TRUE,Green,ASBG1_Effectv_Prod,54,VLAN-0054-ASBG1-Green-xG-HB,Spotlight Green Eclipse xG Heatbeat,Production,10.144.46.240/28,255.255.255.240,10.144.46.244 - 10.144.46.254,10.144.46.241,EFV - Templates - AS3
as-3p-abg1-blue-v55-prod1-5,Ashburn,sw2065a-d/ sw2065b-d,efvvctr-as-03p.cable.comcast.com,Ashburn Blue Green,AshburnBlueGreenCluster1,PURE5-ABG1-Cluster,TRUE,Blue,ASBG1_Effectv_Prod,55,VLAN-0055-ASBG1-Blue-Prod-1,Spotlight Blue UCS Production,Production,96.115.130.160/28,255.255.255.240,96.115.130.164 - 96.115.130.174,96.115.130.161,EFV - Templates - AS3
as-3p-abg1-blue-v55-prod2-5,Ashburn,sw2065a-d/ sw2065b-d,efvvctr-as-03p.cable.comcast.com,Ashburn Blue Green,AshburnBlueGreenCluster1,PURE5-ABG1-Cluster,TRUE,Blue,ASBG1_Effectv_Prod,55,VLAN-0055-ASBG1-Blue-Prod-1,Spotlight Blue UCS Production,Production,68.87.126.0/26,255.255.255.192,68.87.126.4 - 68.87.126.62,68.87.126.1,EFV - Templates - AS3
as-3p-abg4-green-v51-vm1,Ashburn,sw2065a-d/ sw2065b-d,efvvctr-as-03p.cable.comcast.com,Ashburn Blue Green,AshburnBlueGreenCluster4,VxRail-Virtual-SAN-Datastore-f742a86f-57ea-4550-9259-a0a5ac90ee32,FALSE,Green,Ashburn_BGSpotlight4_PROD,51,VLAN 0051 - ASBG4_Green,Spotlight Green Enterprise,Production,10.146.156.128/25,255.255.255.128,10.146.156.132 - 10.146.156.254,10.146.156.129,EFV - Templates - AS3
as-3p-abg4-green-v51-vm2,Ashburn,sw2065a-d/ sw2065b-d,efvvctr-as-03p.cable.comcast.com,Ashburn Blue Green,AshburnBlueGreenCluster4,VxRail-Virtual-SAN-Datastore-f742a86f-57ea-4550-9259-a0a5ac90ee32,FALSE,Green,Ashburn_BGSpotlight4_PROD,51,VLAN 0051 - ASBG4_Green,Spotlight Green Enterprise,Production,10.60.85.0/24,255.255.255.0,10.60.85.4 - 10.60.85.254,10.60.85.1,EFV - Templates - AS3
as-3p-abg4-green-v51-vm3,Ashburn,sw2065a-d/ sw2065b-d,efvvctr-as-03p.cable.comcast.com,Ashburn Blue Green,AshburnBlueGreenCluster4,VxRail-Virtual-SAN-Datastore-f742a86f-57ea-4550-9259-a0a5ac90ee32,FALSE,Green,Ashburn_BGSpotlight4_PROD,51,VLAN 0051 - ASBG4_Green,Spotlight Green Enterprise,Production,10.28.34.0/24,255.255.255.0,10.28.34.4 - 10.28.34.254,10.28.34.1,EFV - Templates - AS3
as-3p-abg4-green-v52-eqto,Ashburn,sw2065a-d/ sw2065b-d,efvvctr-as-03p.cable.comcast.com,Ashburn Blue Green,AshburnBlueGreenCluster4,VxRail-Virtual-SAN-Datastore-f742a86f-57ea-4550-9259-a0a5ac90ee32,FALSE,Green,Ashburn_BGSpotlight4_PROD,52,VLAN 0052 - ASBG4_EQTO,Spotlight UCS EQTO,Production,10.146.156.64/26,255.255.255.192,10.146.156.68 - 10.146.156.127,10.146.156.65,EFV - Templates - AS3
as-3p-abg4-green-v53-xg1,Ashburn,sw2065a-d/ sw2065b-d,efvvctr-as-03p.cable.comcast.com,Ashburn Blue Green,AshburnBlueGreenCluster4,VxRail-Virtual-SAN-Datastore-f742a86f-57ea-4550-9259-a0a5ac90ee32,FALSE,Green,Ashburn_BGSpotlight4_PROD,53,VLAN 0053 - ASBG4_XG,Spotlight Green Eclipse xG,Production,10.146.208.0/24,255.255.255.0,10.146.208.4 - 10.146.208.254,10.146.208.1,EFV - Templates - AS3
as-3p-abg4-green-v53-xg2,Ashburn,sw2065a-d/ sw2065b-d,efvvctr-as-03p.cable.comcast.com,Ashburn Blue Green,AshburnBlueGreenCluster4,VxRail-Virtual-SAN-Datastore-f742a86f-57ea-4550-9259-a0a5ac90ee32,FALSE,Green,Ashburn_BGSpotlight4_PROD,53,VLAN 0053 - ASBG4_XG,Spotlight Green Eclipse xG,Production,10.60.81.0/24,255.255.255.0,10.60.81.4 - 10.60.81.254,10.60.81.1,EFV - Templates - AS3
as-3p-abg4-green-v54-xghb,Ashburn,sw2065a-d/ sw2065b-d,efvvctr-as-03p.cable.comcast.com,Ashburn Blue Green,AshburnBlueGreenCluster4,VxRail-Virtual-SAN-Datastore-f742a86f-57ea-4550-9259-a0a5ac90ee32,FALSE,Green,Ashburn_BGSpotlight4_PROD,54,VLAN 0054 - ASBG4_XG_HB,Spotlight Green Eclipse xG Heatbeat,Production,10.146.159.192/26,255.255.255.192,10.146.159.196 - 10.146.159.254,10.146.159.193,EFV - Templates - AS3
as-3p-abg4-blue-v55-prod,Ashburn,sw2065a-d/ sw2065b-d,efvvctr-as-03p.cable.comcast.com,Ashburn Blue Green,AshburnBlueGreenCluster4,VxRail-Virtual-SAN-Datastore-f742a86f-57ea-4550-9259-a0a5ac90ee32,FALSE,Blue,Ashburn_BGSpotlight4_PROD,55,VLAN 0055 - ASBG4_Blue,Spotlight Blue UCS Production,Production,96.115.130.160/28,255.255.255.240,96.115.130.164 - 96.115.130.174,96.115.130.161,EFV - Templates - AS3
as-3p-abg2-green-v51-vm1-1,Ashburn,sw583a-d/  sw583b-d,efvvctr-as-03p.cable.comcast.com,Ashburn Blue Green,AshburnBlueGreenCluster2,PURE1-ABG2-Cluster,TRUE,Green,Ashburn_BGSpotlight2_PROD,51,VLAN 0051 - Spotlight-Green-Enterprise,Spotlight Green Enterprise,Production,172.27.212.0/24,255.255.255.0,172.27.212.4 - 172.27.212.254,172.27.212.1,EFV - Templates - AS3
as-3p-abg2-green-v51-vm2-1,Ashburn,sw583a-d/  sw583b-d,efvvctr-as-03p.cable.comcast.com,Ashburn Blue Green,AshburnBlueGreenCluster2,PURE1-ABG2-Cluster,TRUE,Green,Ashburn_BGSpotlight2_PROD,51,VLAN 0051 - Spotlight-Green-Enterprise,Spotlight Green Enterprise,Production,10.138.172.0/24,255.255.255.0,10.138.172.4 - 10.138.172.254,10.138.172.1,EFV - Templates - AS3
as-3p-abg2-green-v51-vm3-1,Ashburn,sw583a-d/  sw583b-d,efvvctr-as-03p.cable.comcast.com,Ashburn Blue Green,AshburnBlueGreenCluster2,PURE1-ABG2-Cluster,TRUE,Green,Ashburn_BGSpotlight2_PROD,51,VLAN 0051 - Spotlight-Green-Enterprise,Spotlight Green Enterprise,Production,10.131.120.0/23,255.255.254.0,10.131.120.1 - 10.131.121.253,10.131.120.1,EFV - Templates - AS3
as-3p-abg2-green-v52-xg1-1,Ashburn,sw583a-d/  sw583b-d,efvvctr-as-03p.cable.comcast.com,Ashburn Blue Green,AshburnBlueGreenCluster2,PURE1-ABG2-Cluster,TRUE,Green,Ashburn_BGSpotlight2_PROD,52,VLAN 0052 - Spotlight-Green-xG,Spotlight Green xG,Production,10.131.178.0/24,255.255.255.0,10.131.178.4 - 10.131.178.254,10.131.178.1,EFV - Templates - AS3
as-3p-abg2-green-v52-xg2-1,Ashburn,sw583a-d/  sw583b-d,efvvctr-as-03p.cable.comcast.com,Ashburn Blue Green,AshburnBlueGreenCluster2,PURE1-ABG2-Cluster,TRUE,Green,Ashburn_BGSpotlight2_PROD,52,VLAN 0052 - Spotlight-Green-xG,Spotlight Green xG,Production,10.131.4.0/24,255.255.255.0,10.131.4.4 - 10.131.4.254,10.131.4.1,EFV - Templates - AS3
as-3p-abg2-green-v52-xg3-1,Ashburn,sw583a-d/  sw583b-d,efvvctr-as-03p.cable.comcast.com,Ashburn Blue Green,AshburnBlueGreenCluster2,PURE1-ABG2-Cluster,TRUE,Green,Ashburn_BGSpotlight2_PROD,52,VLAN 0052 - Spotlight-Green-xG,Spotlight Green xG,Production,10.60.84.0/24,255.255.255.0,10.60.84.4 - 10.60.84.254,10.60.84.1,EFV - Templates - AS3
as-3p-abg2-green-v53-xghb-1,Ashburn,sw583a-d/  sw583b-d,efvvctr-as-03p.cable.comcast.com,Ashburn Blue Green,AshburnBlueGreenCluster2,PURE1-ABG2-Cluster,TRUE,Green,Ashburn_BGSpotlight2_PROD,53,VLAN 0053 - Spotlight-Green-HB,Spotlight Green HB,Production,10.146.5.192/26,255.255.255.192,10.146.5.196 - 10.146.5.254,10.146.5.193,EFV - Templates - AS3
as-3p-abg2-blue-v54-prod-1,Ashburn,sw583a-d/  sw583b-d,efvvctr-as-03p.cable.comcast.com,Ashburn Blue Green,AshburnBlueGreenCluster2,PURE1-ABG2-Cluster,TRUE,Blue,Ashburn_BGSpotlight2_PROD,54,VLAN 0054 - Spotlight-Blue,Spotlight Blue,Production,96.99.196.0/24,255.255.255.0,96.99.196.4 - 96.99.196.254,96.99.196.1,EFV - Templates - AS3
as-3p-abg2-green-v51-vm1-2,Ashburn,sw583a-d/  sw583b-d,efvvctr-as-03p.cable.comcast.com,Ashburn Blue Green,AshburnBlueGreenCluster2,PURE2-ABG2-Cluster,TRUE,Green,Ashburn_BGSpotlight2_PROD,51,VLAN 0051 - Spotlight-Green-Enterprise,Spotlight Green Enterprise,Production,172.27.212.0/24,255.255.255.0,172.27.212.4 - 172.27.212.254,172.27.212.1,EFV - Templates - AS3
as-3p-abg2-green-v51-vm2-2,Ashburn,sw583a-d/  sw583b-d,efvvctr-as-03p.cable.comcast.com,Ashburn Blue Green,AshburnBlueGreenCluster2,PURE2-ABG2-Cluster,TRUE,Green,Ashburn_BGSpotlight2_PROD,51,VLAN 0051 - Spotlight-Green-Enterprise,Spotlight Green Enterprise,Production,10.138.172.0/24,255.255.255.0,10.138.172.4 - 10.138.172.254,10.138.172.1,EFV - Templates - AS3
as-3p-abg2-green-v51-vm3-2,Ashburn,sw583a-d/  sw583b-d,efvvctr-as-03p.cable.comcast.com,Ashburn Blue Green,AshburnBlueGreenCluster2,PURE2-ABG2-Cluster,TRUE,Green,Ashburn_BGSpotlight2_PROD,51,VLAN 0051 - Spotlight-Green-Enterprise,Spotlight Green Enterprise,Production,10.131.120.0/23,255.255.254.0,10.131.120.1 - 10.131.121.253,10.131.120.1,EFV - Templates - AS3
as-3p-abg2-green-v52-xg1-2,Ashburn,sw583a-d/  sw583b-d,efvvctr-as-03p.cable.comcast.com,Ashburn Blue Green,AshburnBlueGreenCluster2,PURE2-ABG2-Cluster,TRUE,Green,Ashburn_BGSpotlight2_PROD,52,VLAN 0052 - Spotlight-Green-xG,Spotlight Green xG,Production,10.131.178.0/24,255.255.255.0,10.131.178.4 - 10.131.178.254,10.131.178.1,EFV - Templates - AS3
as-3p-abg2-green-v52-xg2-2,Ashburn,sw583a-d/  sw583b-d,efvvctr-as-03p.cable.comcast.com,Ashburn Blue Green,AshburnBlueGreenCluster2,PURE2-ABG2-Cluster,TRUE,Green,Ashburn_BGSpotlight2_PROD,52,VLAN 0052 - Spotlight-Green-xG,Spotlight Green xG,Production,10.131.4.0/24,255.255.255.0,10.131.4.4 - 10.131.4.254,10.131.4.1,EFV - Templates - AS3
as-3p-abg2-green-v52-xg3-2,Ashburn,sw583a-d/  sw583b-d,efvvctr-as-03p.cable.comcast.com,Ashburn Blue Green,AshburnBlueGreenCluster2,PURE2-ABG2-Cluster,TRUE,Green,Ashburn_BGSpotlight2_PROD,52,VLAN 0052 - Spotlight-Green-xG,Spotlight Green xG,Production,10.60.84.0/24,255.255.255.0,10.60.84.4 - 10.60.84.254,10.60.84.1,EFV - Templates - AS3
as-3p-abg2-green-v53-xghb-2,Ashburn,sw583a-d/  sw583b-d,efvvctr-as-03p.cable.comcast.com,Ashburn Blue Green,AshburnBlueGreenCluster2,PURE2-ABG2-Cluster,TRUE,Green,Ashburn_BGSpotlight2_PROD,53,VLAN 0053 - Spotlight-Green-HB,Spotlight Green HB,Production,10.146.5.192/26,255.255.255.192,10.146.5.196 - 10.146.5.254,10.146.5.193,EFV - Templates - AS3
as-3p-abg2-blue-v54-prod-2,Ashburn,sw583a-d/  sw583b-d,efvvctr-as-03p.cable.comcast.com,Ashburn Blue Green,AshburnBlueGreenCluster2,PURE2-ABG2-Cluster,TRUE,Blue,Ashburn_BGSpotlight2_PROD,54,VLAN 0054 - Spotlight-Blue,Spotlight Blue,Production,96.99.196.0/24,255.255.255.0,96.99.196.4 - 96.99.196.254,96.99.196.1,EFV - Templates - AS3
as-3p-abg2-green-v51-vm1-3,Ashburn,sw583a-d/  sw583b-d,efvvctr-as-03p.cable.comcast.com,Ashburn Blue Green,AshburnBlueGreenCluster2,PURE3-ABG2-Cluster,TRUE,Green,Ashburn_BGSpotlight2_PROD,51,VLAN 0051 - Spotlight-Green-Enterprise,Spotlight Green Enterprise,Production,172.27.212.0/24,255.255.255.0,172.27.212.4 - 172.27.212.254,172.27.212.1,EFV - Templates - AS3
as-3p-abg2-green-v51-vm2-3,Ashburn,sw583a-d/  sw583b-d,efvvctr-as-03p.cable.comcast.com,Ashburn Blue Green,AshburnBlueGreenCluster2,PURE3-ABG2-Cluster,TRUE,Green,Ashburn_BGSpotlight2_PROD,51,VLAN 0051 - Spotlight-Green-Enterprise,Spotlight Green Enterprise,Production,10.138.172.0/24,255.255.255.0,10.138.172.4 - 10.138.172.254,10.138.172.1,EFV - Templates - AS3
as-3p-abg2-green-v51-vm3-3,Ashburn,sw583a-d/  sw583b-d,efvvctr-as-03p.cable.comcast.com,Ashburn Blue Green,AshburnBlueGreenCluster2,PURE3-ABG2-Cluster,TRUE,Green,Ashburn_BGSpotlight2_PROD,51,VLAN 0051 - Spotlight-Green-Enterprise,Spotlight Green Enterprise,Production,10.131.120.0/23,255.255.254.0,10.131.120.1 - 10.131.121.253,10.131.120.1,EFV - Templates - AS3
as-3p-abg2-green-v52-xg1-3,Ashburn,sw583a-d/  sw583b-d,efvvctr-as-03p.cable.comcast.com,Ashburn Blue Green,AshburnBlueGreenCluster2,PURE3-ABG2-Cluster,TRUE,Green,Ashburn_BGSpotlight2_PROD,52,VLAN 0052 - Spotlight-Green-xG,Spotlight Green xG,Production,10.131.178.0/24,255.255.255.0,10.131.178.4 - 10.131.178.254,10.131.178.1,EFV - Templates - AS3
as-3p-abg2-green-v52-xg2-3,Ashburn,sw583a-d/  sw583b-d,efvvctr-as-03p.cable.comcast.com,Ashburn Blue Green,AshburnBlueGreenCluster2,PURE3-ABG2-Cluster,TRUE,Green,Ashburn_BGSpotlight2_PROD,52,VLAN 0052 - Spotlight-Green-xG,Spotlight Green xG,Production,10.131.4.0/24,255.255.255.0,10.131.4.4 - 10.131.4.254,10.131.4.1,EFV - Templates - AS3
as-3p-abg2-green-v52-xg3-3,Ashburn,sw583a-d/  sw583b-d,efvvctr-as-03p.cable.comcast.com,Ashburn Blue Green,AshburnBlueGreenCluster2,PURE3-ABG2-Cluster,TRUE,Green,Ashburn_BGSpotlight2_PROD,52,VLAN 0052 - Spotlight-Green-xG,Spotlight Green xG,Production,10.60.84.0/24,255.255.255.0,10.60.84.4 - 10.60.84.254,10.60.84.1,EFV - Templates - AS3
as-3p-abg2-green-v53-xghb-3,Ashburn,sw583a-d/  sw583b-d,efvvctr-as-03p.cable.comcast.com,Ashburn Blue Green,AshburnBlueGreenCluster2,PURE3-ABG2-Cluster,TRUE,Green,Ashburn_BGSpotlight2_PROD,53,VLAN 0053 - Spotlight-Green-HB,Spotlight Green HB,Production,10.146.5.192/26,255.255.255.192,10.146.5.196 - 10.146.5.254,10.146.5.193,EFV - Templates - AS3
as-3p-abg2-blue-v54-prod-3,Ashburn,sw583a-d/  sw583b-d,efvvctr-as-03p.cable.comcast.com,Ashburn Blue Green,AshburnBlueGreenCluster2,PURE3-ABG2-Cluster,TRUE,Blue,Ashburn_BGSpotlight2_PROD,54,VLAN 0054 - Spotlight-Blue,Spotlight Blue,Production,96.99.196.0/24,255.255.255.0,96.99.196.4 - 96.99.196.254,96.99.196.1,EFV - Templates - AS3
as-3p-abg2-green-v51-vm1-5,Ashburn,sw583a-d/  sw583b-d,efvvctr-as-03p.cable.comcast.com,Ashburn Blue Green,AshburnBlueGreenCluster2,PURE5-ABG2-Cluster,TRUE,Green,Ashburn_BGSpotlight2_PROD,51,VLAN 0051 - Spotlight-Green-Enterprise,Spotlight Green Enterprise,Production,172.27.212.0/24,255.255.255.0,172.27.212.4 - 172.27.212.254,172.27.212.1,EFV - Templates - AS3
as-3p-abg2-green-v51-vm2-5,Ashburn,sw583a-d/  sw583b-d,efvvctr-as-03p.cable.comcast.com,Ashburn Blue Green,AshburnBlueGreenCluster2,PURE5-ABG2-Cluster,TRUE,Green,Ashburn_BGSpotlight2_PROD,51,VLAN 0051 - Spotlight-Green-Enterprise,Spotlight Green Enterprise,Production,10.138.172.0/24,255.255.255.0,10.138.172.4 - 10.138.172.254,10.138.172.1,EFV - Templates - AS3
as-3p-abg2-green-v51-vm3-5,Ashburn,sw583a-d/  sw583b-d,efvvctr-as-03p.cable.comcast.com,Ashburn Blue Green,AshburnBlueGreenCluster2,PURE5-ABG2-Cluster,TRUE,Green,Ashburn_BGSpotlight2_PROD,51,VLAN 0051 - Spotlight-Green-Enterprise,Spotlight Green Enterprise,Production,10.131.120.0/23,255.255.254.0,10.131.120.1 - 10.131.121.253,10.131.120.1,EFV - Templates - AS3
as-3p-abg2-green-v52-xg1-5,Ashburn,sw583a-d/  sw583b-d,efvvctr-as-03p.cable.comcast.com,Ashburn Blue Green,AshburnBlueGreenCluster2,PURE5-ABG2-Cluster,TRUE,Green,Ashburn_BGSpotlight2_PROD,52,VLAN 0052 - Spotlight-Green-xG,Spotlight Green xG,Production,10.131.178.0/24,255.255.255.0,10.131.178.4 - 10.131.178.254,10.131.178.1,EFV - Templates - AS3
as-3p-abg2-green-v52-xg2-5,Ashburn,sw583a-d/  sw583b-d,efvvctr-as-03p.cable.comcast.com,Ashburn Blue Green,AshburnBlueGreenCluster2,PURE5-ABG2-Cluster,TRUE,Green,Ashburn_BGSpotlight2_PROD,52,VLAN 0052 - Spotlight-Green-xG,Spotlight Green xG,Production,10.131.4.0/24,255.255.255.0,10.131.4.4 - 10.131.4.254,10.131.4.1,EFV - Templates - AS3
as-3p-abg2-green-v52-xg3-5,Ashburn,sw583a-d/  sw583b-d,efvvctr-as-03p.cable.comcast.com,Ashburn Blue Green,AshburnBlueGreenCluster2,PURE5-ABG2-Cluster,TRUE,Green,Ashburn_BGSpotlight2_PROD,52,VLAN 0052 - Spotlight-Green-xG,Spotlight Green xG,Production,10.60.84.0/24,255.255.255.0,10.60.84.4 - 10.60.84.254,10.60.84.1,EFV - Templates - AS3
as-3p-abg2-green-v53-xghb-5,Ashburn,sw583a-d/  sw583b-d,efvvctr-as-03p.cable.comcast.com,Ashburn Blue Green,AshburnBlueGreenCluster2,PURE5-ABG2-Cluster,TRUE,Green,Ashburn_BGSpotlight2_PROD,53,VLAN 0053 - Spotlight-Green-HB,Spotlight Green HB,Production,10.146.5.192/26,255.255.255.192,10.146.5.196 - 10.146.5.254,10.146.5.193,EFV - Templates - AS3
as-3p-abg2-blue-v54-prod-5,Ashburn,sw583a-d/  sw583b-d,efvvctr-as-03p.cable.comcast.com,Ashburn Blue Green,AshburnBlueGreenCluster2,PURE5-ABG2-Cluster,TRUE,Blue,Ashburn_BGSpotlight2_PROD,54,VLAN 0054 - Spotlight-Blue,Spotlight Blue,Production,96.99.196.0/24,255.255.255.0,96.99.196.4 - 96.99.196.254,96.99.196.1,EFV - Templates - AS3
as-3p-abg3-green-v51-vm1,Ashburn,sw583a-d/  sw583b-d,efvvctr-as-03p.cable.comcast.com,Ashburn Blue Green,AshburnBlueGreenCluster3,VxRail-Virtual-SAN-Datastore-62b01054-0c1b-4e78-8870-49baa241d9ee,FALSE,Green,Ashburn_BGSpotlight3_PROD,51,VLAN 0051 - Green Enterprise,Spotlight Green Enterprise,Production,172.27.212.0/24,255.255.255.0,172.27.212.4 - 172.27.212.254,172.27.212.1,EFV - Templates - AS3
as-3p-abg3-green-v51-vm2,Ashburn,sw583a-d/  sw583b-d,efvvctr-as-03p.cable.comcast.com,Ashburn Blue Green,AshburnBlueGreenCluster3,VxRail-Virtual-SAN-Datastore-62b01054-0c1b-4e78-8870-49baa241d9ee,FALSE,Green,Ashburn_BGSpotlight3_PROD,51,VLAN 0051 - Green Enterprise,Spotlight Green Enterprise,Production,10.138.172.0/24,255.255.255.0,10.138.172.4 - 10.138.172.254,10.138.172.1,EFV - Templates - AS3
as-3p-abg3-green-v51-vm3,Ashburn,sw583a-d/  sw583b-d,efvvctr-as-03p.cable.comcast.com,Ashburn Blue Green,AshburnBlueGreenCluster3,VxRail-Virtual-SAN-Datastore-62b01054-0c1b-4e78-8870-49baa241d9ee,FALSE,Green,Ashburn_BGSpotlight3_PROD,51,VLAN 0051 - Green Enterprise,Spotlight Green Enterprise,Production,10.131.120.0/23,255.255.254.0,10.131.120.1 - 10.131.121.253,10.131.120.1,EFV - Templates - AS3
as-3p-abg3-green-v52-xg1,Ashburn,sw583a-d/  sw583b-d,efvvctr-as-03p.cable.comcast.com,Ashburn Blue Green,AshburnBlueGreenCluster3,VxRail-Virtual-SAN-Datastore-62b01054-0c1b-4e78-8870-49baa241d9ee,FALSE,Green,Ashburn_BGSpotlight3_PROD,52,VLAN 0052 - Green xG,Spotlight Green xG,Production,10.131.178.0/24,255.255.255.0,10.131.178.4 - 10.131.178.254,10.131.178.1,EFV - Templates - AS3
as-3p-abg3-green-v52-xg2,Ashburn,sw583a-d/  sw583b-d,efvvctr-as-03p.cable.comcast.com,Ashburn Blue Green,AshburnBlueGreenCluster3,VxRail-Virtual-SAN-Datastore-62b01054-0c1b-4e78-8870-49baa241d9ee,FALSE,Green,Ashburn_BGSpotlight3_PROD,52,VLAN 0052 - Green xG,Spotlight Green xG,Production,10.131.4.0/24,255.255.255.0,10.131.4.4 - 10.131.4.254,10.131.4.1,EFV - Templates - AS3
as-3p-abg3-green-v52-xg3,Ashburn,sw583a-d/  sw583b-d,efvvctr-as-03p.cable.comcast.com,Ashburn Blue Green,AshburnBlueGreenCluster3,VxRail-Virtual-SAN-Datastore-62b01054-0c1b-4e78-8870-49baa241d9ee,FALSE,Green,Ashburn_BGSpotlight3_PROD,52,VLAN 0052 - Green xG,Spotlight Green xG,Production,10.60.84.0/24,255.255.255.0,10.60.84.4 - 10.60.84.254,10.60.84.1,EFV - Templates - AS3
as-3p-abg3-green-v53-xghb1,Ashburn,sw583a-d/  sw583b-d,efvvctr-as-03p.cable.comcast.com,Ashburn Blue Green,AshburnBlueGreenCluster3,VxRail-Virtual-SAN-Datastore-62b01054-0c1b-4e78-8870-49baa241d9ee,FALSE,Green,Ashburn_BGSpotlight3_PROD,53,VLAN 0053 - Green HB,Spotlight Green HB,Production,10.146.5.192/26,255.255.255.192,10.146.5.196 - 10.146.5.254,10.146.5.193,EFV - Templates - AS3
as-3p-abg3-green-v53-xghb2,Ashburn,sw583a-d/  sw583b-d,efvvctr-as-03p.cable.comcast.com,Ashburn Blue Green,AshburnBlueGreenCluster3,VxRail-Virtual-SAN-Datastore-62b01054-0c1b-4e78-8870-49baa241d9ee,FALSE,Green,Ashburn_BGSpotlight3_PROD,53,VLAN 0053 - Green HB,Spotlight Green HB,Production,10.146.5.192/27,255.255.255.193,10.146.5.196 - 10.146.5.255,10.146.5.194,EFV - Templates - AS3
as-3p-abg3-blue-v54-prod,Ashburn,sw583a-d/  sw583b-d,efvvctr-as-03p.cable.comcast.com,Ashburn Blue Green,AshburnBlueGreenCluster3,VxRail-Virtual-SAN-Datastore-62b01054-0c1b-4e78-8870-49baa241d9ee,FALSE,Blue,Ashburn_BGSpotlight3_PROD,54,VLAN 0054 - Blue External,Spotlight Blue,Production,96.99.196.0/24,255.255.255.0,96.99.196.4 - 96.99.196.254,96.99.196.1,EFV - Templates - AS3
ho-2p-hbg1-green-v48-vm2,Hillsboro,Sw28a/b-d,efvvctr-ho-02p.cable.comcast.com,Hillsboro BlueGreen,HillsboroBlueGreenCluster1,PURE1-HBG1-Cluster,TRUE,Green,Hillsboro_BG1_Legacy_PROD,48,VLAN 0048 - Green Ent 2,Green Internal 2,Production,10.131.20.128/26,255.255.255.192,10.131.20.132-10.131.20.191,10.131.20.129,EFV - Templates - HO2
ho-2p-hbg1-blue-v54-vm2-1,Hillsboro,Sw28a/b-d,efvvctr-ho-02p.cable.comcast.com,Hillsboro BlueGreen,HillsboroBlueGreenCluster1,PURE1-HBG1-Cluster,TRUE,Blue,Hillsboro_BG1_Legacy_PROD,54,VLAN 0054 - Blue Ext 2,Blue External 2,Production,68.87.116.64/27,255.255.255.224,68.87.116.68-68.87.116.127,68.87.116.65,EFV - Templates - HO2
ho-2p-hbg1-blue-v54-vm2-2,Hillsboro,Sw28a/b-d,efvvctr-ho-02p.cable.comcast.com,Hillsboro BlueGreen,HillsboroBlueGreenCluster1,PURE1-HBG1-Cluster,TRUE,Blue,Hillsboro_BG1_Legacy_PROD,54,VLAN 0054 - Blue Ext 2,Blue External 2,Production,96.113.82.128/26,255.255.255.192,96.113.0.132 - 96.113.0.254,96.113.0.129,EFV - Templates - HO2
ho-2p-hbg1-green-v49-hb,Hillsboro,Sw28a/b-d,efvvctr-ho-02p.cable.comcast.com,Hillsboro BlueGreen,HillsboroBlueGreenCluster1,PURE1-HBG1-Cluster,TRUE,Green,Hillsboro_BG1_Legacy_PROD,49,VLAN 0049 - Green Heartbeat,Green Heartbeat,Production,10.144.74.192/26,255.255.255.192,10.144.74.196 - 10.144.74.254,10.144.74.193,EFV - Templates - HO2
ho-2p-hbg1-blue-v51-vm1,Hillsboro,Sw28a/b-d,efvvctr-ho-02p.cable.comcast.com,Hillsboro BlueGreen,HillsboroBlueGreenCluster1,PURE1-HBG1-Cluster,TRUE,Blue,Hillsboro_BG1_Legacy_PROD,51,VLAN 0051 - Blue External 1,Blue External 1,Production,96.113.0.128/25,255.255.255.128,96.113.0.132 - 96.113.0.254,96.113.0.129,EFV - Templates - HO2
ho-2p-hbg1-green-v52-vm1-1,Hillsboro,Sw28a/b-d,efvvctr-ho-02p.cable.comcast.com,Hillsboro BlueGreen,HillsboroBlueGreenCluster1,PURE1-HBG1-Cluster,TRUE,Green,Hillsboro_BG1_Legacy_PROD,52,VLAN 0052 - Green Internal 1,Green Internal 1,Production,10.131.19.0/24,255.255.255.0,10.131.19.4 - 10.131.19.254,10.131.19.1,EFV - Templates - HO2
ho-2p-hbg1-green-v52-vm1-2,Hillsboro,Sw28a/b-d,efvvctr-ho-02p.cable.comcast.com,Hillsboro BlueGreen,HillsboroBlueGreenCluster1,PURE1-HBG1-Cluster,TRUE,Green,Hillsboro_BG1_Legacy_PROD,52,VLAN 0052 - Green Internal 1,Green Internal 1,Production,10.112.100.0/24,255.255.255.0,10.112.100.4 - 10.112.100.254,10.112.100.1,EFV - Templates - HO2
as-2p-ar1-red-v305-vm1,Ashburn,Core Fabric,efvvctr-as-02p.cable.comcast.com,Ashburn Red,AshburnRedCluster1,VxRail-vSAN-ASRD1-Datastore,FALSE,Red,VMware HCIA Distributed Switch,305,VLAN 0305 - Red Prod 1,Red Internal 1,Production,165.137.124.0/23,255.255.254.0,165.137.124.4 - 165.137.125.254,165.137.124.1,EFV - Templates - AS2
ho-1p-hbg3-blue-v102-vm1,Hillsboro,sw9055a/b-d,efvvctr-ho-01p.cable.comcast.com,Hillsboro Blue Green,HillsboroBlueGreenCluster3,VxRail-vSAN-HOBG3-Datastore,FALSE,Blue,VMware HCIA Distributed Switch HillsboroBlueGreenCluster3 78d5c7,102,VLAN 0102 - Blue Enterprise 1,Blue Enterprise 1,Production,96.97.80.128/25,255.255.255.128,96.97.80.132 - 96.97.80.254,96.97.80.129,EFV - Templates - HO1
ho-1p-hbg3-green-v205-vm1,Hillsboro,sw9055a/b-d,efvvctr-ho-01p.cable.comcast.com,Hillsboro Blue Green,HillsboroBlueGreenCluster3,VxRail-vSAN-HOBG3-Datastore,FALSE,Green,VMware HCIA Distributed Switch HillsboroBlueGreenCluster3 78d5c7,205,VLAN 0205 - Green Enterprise 1,Green Enterprise 1,Production,100.93.156.0/23,255.255.254.0,100.93.156.4 - 100.93.157.254,100.93.156.1,EFV - Templates - HO1
ho-1p-hbr1-red-v305-vm1,Hillsboro,sw9075a/b-d,efvvctr-ho-01p.cable.comcast.com,Hillsboro Red,HillsboroRedCluster1,VxRail-vSAN-HORD1-Datastore,FALSE,Red,VMware HCIA Distributed Switch,305,VLAN 0305 - Red Enterprise 1,Red Internal 1,Production,10.17.172.0/24,255.255.255.0,10.17.172.4 - 10.17.172.254,10.17.172.1,EFV - Templates - HO1